{
    "loss": 8.009860038757324,
    "accuracy": 0.6137930750846863
}